Actual_Age,Predicted_Age
69.0,65.70549
68.0,60.677498
47.0,36.07115
55.0,44.487877
64.0,60.945667
23.0,26.285994
66.0,62.668465
78.0,72.184944
68.0,68.52628
85.0,75.85189
80.0,76.78661
70.0,65.61552
36.0,23.684
79.0,69.74711
63.0,66.20911
28.0,20.565367
39.0,51.560894
60.0,57.31127
18.0,16.813953
75.0,55.31582
65.0,59.544983
44.0,45.059105
43.0,38.093918
42.0,34.22663
72.0,70.789505
40.0,39.278503
64.0,56.91246
56.0,55.45787
49.0,44.78782
45.0,44.039597
66.0,62.70919
83.0,76.32572
78.0,65.18736
84.0,73.539375
29.0,31.826803
51.0,40.99106
24.0,24.739073
80.0,68.17504
28.0,22.388971
76.0,59.924606
21.0,16.95786
70.0,59.81946
69.0,63.983177
69.0,63.823616
70.0,69.55511
32.0,24.354454
54.0,51.484573
27.0,19.384314
60.0,57.807312
79.0,72.842674
30.0,25.039804
73.0,73.7376
51.0,51.384396
45.0,46.63523
55.0,45.884575
63.0,61.04214
57.0,58.978317
37.0,34.28901
28.0,28.517883
50.0,43.736023
66.0,55.10763
80.0,71.516304
88.0,66.93421
37.0,34.86738
27.0,18.55206
80.0,72.837654
60.0,60.047684
49.0,42.205696
56.0,50.13665
32.0,28.824781
78.0,78.22745
67.0,59.75981
64.0,64.672325
33.0,27.435549
72.0,53.985527
35.0,40.28714
73.0,64.93403
36.0,35.187786
52.0,30.136436
33.0,25.669022
54.0,31.977018
68.0,56.173943
56.0,44.55548
72.0,65.38923
36.0,29.729908
78.0,73.411964
52.0,34.811348
51.0,45.93464
41.0,25.501707
29.0,21.6224
39.0,30.515654
61.0,59.553215
61.0,56.267315
24.0,20.925203
25.0,21.309717
43.0,32.25626
60.0,68.38643
76.0,61.59803
36.0,32.963303
81.0,72.50979
43.0,35.77576
85.0,76.50618
34.0,24.452818
76.0,72.93407
48.0,53.760406
58.0,51.00223
30.0,27.654606
50.0,28.407999
58.0,48.662285
40.0,30.51395
87.0,70.53059
29.0,19.719847
83.0,72.7226
53.0,35.766094
78.0,64.56157
48.0,48.87413
84.0,80.33629
47.0,38.939114
61.0,54.505913
47.0,52.41548
40.0,40.689163
80.0,75.321175
62.0,57.577553
37.0,29.174051
69.0,52.015884
41.0,31.69801
23.0,19.607634
37.0,41.585354
28.0,22.796331
43.0,37.45671
45.0,36.48325
