Actual_Age,Predicted_Age
30.0,45.2763
25.0,19.049288
54.0,60.57097
63.0,60.99703
60.0,57.595703
57.0,59.078197
54.0,49.282967
60.0,69.96656
57.0,53.142464
29.0,39.639793
27.0,29.249569
60.0,60.00945
59.0,69.91799
75.0,75.03063
23.0,19.968668
55.0,57.37774
59.0,61.36928
59.0,53.915108
48.0,46.133522
20.0,19.303623
68.0,67.858604
74.0,83.27719
64.0,72.81776
23.0,22.938887
55.0,68.822334
45.0,49.34015
61.0,59.5536
49.0,47.404762
20.0,23.748463
72.0,71.895546
19.0,21.783094
27.0,28.011885
34.0,44.833267
23.0,23.665228
26.0,32.230904
24.0,24.842165
60.0,54.897354
48.0,61.54181
24.0,30.585297
57.0,62.681725
32.0,26.573298
55.0,59.522392
48.0,42.925316
57.0,48.875305
62.0,63.374443
23.0,33.367115
35.0,47.96425
59.0,63.917393
42.0,54.367325
23.0,24.821737
61.0,63.679985
45.0,52.536232
42.0,56.300938
77.0,76.42635
50.0,50.561337
32.0,24.459723
19.0,25.08426
53.0,47.86566
77.0,75.10381
72.0,75.19828
63.0,72.08791
46.0,33.37434
40.0,42.853195
58.0,61.353622
23.0,24.197447
59.0,40.034134
24.0,23.649504
61.0,63.177727
21.0,22.411943
49.0,53.464306
24.0,26.592415
53.0,53.493332
42.0,38.472843
63.0,53.58531
61.0,59.05672
23.0,24.884508
40.0,37.250298
21.0,20.328897
23.0,37.067993
24.0,18.424911
24.0,22.04209
69.0,73.13798
51.0,53.315155
72.0,83.349236
74.0,79.47286
23.0,30.834768
57.0,61.899254
62.0,56.021164
26.0,28.843996
19.0,20.712576
63.0,63.351234
53.0,52.125027
47.0,41.2515
60.0,65.66512
45.0,53.836693
24.0,28.707739
24.0,29.735773
33.0,27.485476
24.0,21.818317
