Actual_Age,Predicted_Age
30.0,27.808388
25.0,16.644268
54.0,38.288254
63.0,46.036007
60.0,50.97202
57.0,49.384697
54.0,43.69813
60.0,56.403095
57.0,41.473698
29.0,26.130735
27.0,15.416911
60.0,48.653984
59.0,55.59847
75.0,60.732117
23.0,12.125211
55.0,44.849667
59.0,48.490658
59.0,50.58705
48.0,36.896435
20.0,13.956621
68.0,60.5268
74.0,64.76014
64.0,44.533077
23.0,14.863455
55.0,57.08758
45.0,40.756226
61.0,56.5185
49.0,41.689556
20.0,16.57789
72.0,57.943302
19.0,14.549922
27.0,13.598444
34.0,21.484322
23.0,16.726706
26.0,15.656116
24.0,23.1452
60.0,46.259575
48.0,44.430973
24.0,18.537271
57.0,38.201912
32.0,14.228
55.0,48.87192
48.0,38.803867
57.0,30.58647
62.0,54.558025
23.0,15.482413
35.0,42.054413
59.0,49.171963
42.0,48.99831
23.0,12.250826
61.0,52.74338
45.0,40.005207
42.0,43.01782
77.0,58.474102
50.0,34.65256
32.0,13.921342
19.0,13.931954
53.0,24.758966
77.0,61.526215
72.0,53.85603
63.0,52.58861
46.0,28.507542
40.0,32.093216
58.0,54.19434
23.0,14.447042
59.0,23.280657
24.0,17.705301
61.0,50.925602
21.0,12.345697
49.0,48.67159
24.0,11.398061
53.0,38.864506
42.0,36.717793
63.0,43.747204
61.0,50.328663
23.0,13.177821
40.0,35.341118
21.0,12.32989
23.0,24.504025
24.0,11.031919
24.0,21.001959
69.0,58.038387
51.0,36.077595
72.0,61.221214
74.0,65.06104
23.0,10.6570635
57.0,45.73018
62.0,48.191784
26.0,20.083002
19.0,14.340138
63.0,51.09025
53.0,40.052586
47.0,21.645739
60.0,58.88727
45.0,36.64851
24.0,13.363083
24.0,16.586521
33.0,16.372622
24.0,11.825879
