Actual_Age,Predicted_Age
30.0,39.47432
25.0,19.737425
54.0,48.037647
63.0,52.452553
60.0,54.598965
57.0,57.24824
54.0,41.921597
60.0,55.74219
57.0,51.329628
29.0,35.778725
27.0,19.621408
60.0,53.14541
59.0,63.32667
75.0,61.07683
23.0,20.132502
55.0,52.066517
59.0,53.827686
59.0,51.956562
48.0,44.79561
20.0,19.864847
68.0,56.839493
74.0,68.983925
64.0,54.014263
23.0,22.675472
55.0,57.68288
45.0,50.33605
61.0,60.7049
49.0,44.509544
20.0,22.395868
72.0,59.25867
19.0,19.617622
27.0,22.916636
34.0,26.851542
23.0,16.931284
26.0,30.146313
24.0,31.328222
60.0,45.34449
48.0,43.39259
24.0,20.876226
57.0,43.969494
32.0,21.376608
55.0,47.445827
48.0,41.49673
57.0,37.130722
62.0,62.270622
23.0,18.20212
35.0,40.636715
59.0,54.90668
42.0,45.52414
23.0,18.94218
61.0,54.978863
45.0,40.33359
42.0,40.723694
77.0,66.53516
50.0,46.803165
32.0,20.886133
19.0,19.719355
53.0,37.798187
77.0,63.48521
72.0,56.928158
63.0,60.216816
46.0,33.845997
40.0,40.971756
58.0,54.119244
23.0,18.505049
59.0,29.32627
24.0,20.066755
61.0,54.505196
21.0,19.008242
49.0,49.394558
24.0,18.017546
53.0,38.77739
42.0,42.317047
63.0,50.719517
61.0,52.64314
23.0,19.5916
40.0,38.49558
21.0,18.840782
23.0,34.653378
24.0,16.021519
24.0,24.610125
69.0,62.9074
51.0,45.67306
72.0,77.342804
74.0,68.37705
23.0,18.93165
57.0,53.645844
62.0,52.556465
26.0,22.306559
19.0,19.297579
63.0,57.347965
53.0,43.985928
47.0,32.11283
60.0,62.294613
45.0,45.158497
24.0,20.627916
24.0,19.467932
33.0,26.233818
24.0,19.530336
